{
    "description": "A I2C display driver for SSD1306 oled displays connected to an ESP8266 or ESP32", 
    "repository": {
        "url": "https://github.com/ThingPulse/esp8266-oled-ssd1306", 
        "type": "git"
    }, 
    "platforms": [
        "espressif32", 
        "espressif8266"
    ], 
    "export": {
        "exclude": [
            "extras", 
            "docs", 
            "tests", 
            "test", 
            "*.doxyfile", 
            "*.pdf"
        ], 
        "include": null
    }, 
    "authors": [
        {
            "maintainer": true, 
            "name": "Daniel Eichhorn", 
            "url": null, 
            "email": "squix78@gmail.com"
        }, 
        {
            "maintainer": false, 
            "name": "Fabrice Weinberg", 
            "url": null, 
            "email": null
        }
    ], 
    "keywords": [
        "display"
    ], 
    "id": 2978, 
    "name": "ESP8266 and ESP32 Oled Driver for SSD1306 display", 
    "frameworks": [
        "arduino"
    ], 
    "version": "4.0.0", 
    "homepage": null
}